{
    "rmse": 0.6978934952446939,
    "mae": 0.5448003960921927,
    "r2": 0.22995204631643384
}