{
    "rmse": 0.702724737226812,
    "mae": 0.5381590302807014,
    "r2": 0.270330528889968
}